Subject_ID,Partition_ID
FeTS21_Training_141,01
FeTS21_Training_138,01
FeTS21_Training_130,01
FeTS21_Training_132,01
FeTS21_Training_134,01
FeTS21_Training_135,01
FeTS21_Training_137,01
FeTS21_Training_133,01
FeTS21_Training_142,01
FeTS21_Training_143,01
FeTS21_Training_144,01
FeTS21_Training_145,01
FeTS21_Training_147,01
FeTS21_Training_139,01
FeTS21_Training_148,02
FeTS21_Training_146,02
FeTS21_Training_136,02
FeTS21_Training_140,02
FeTS21_Training_131,02
FeTS21_Training_270,03
FeTS21_Training_157,03
FeTS21_Training_156,03
FeTS21_Training_155,03
FeTS21_Training_153,03
FeTS21_Training_152,03
FeTS21_Training_151,03
FeTS21_Training_150,03
FeTS21_Training_154,03
FeTS21_Training_216,04
FeTS21_Training_220,04
FeTS21_Training_214,04
FeTS21_Training_215,04
FeTS21_Training_217,04
FeTS21_Training_218,04
FeTS21_Training_222,04
FeTS21_Training_223,04
FeTS21_Training_224,04
FeTS21_Training_225,04
FeTS21_Training_221,04
FeTS21_Training_219,04
FeTS21_Training_233,05
FeTS21_Training_232,05
FeTS21_Training_230,05
FeTS21_Training_231,05
FeTS21_Training_228,05
FeTS21_Training_227,05
FeTS21_Training_226,05
FeTS21_Training_229,05
FeTS21_Training_237,06
FeTS21_Training_236,06
FeTS21_Training_234,06
FeTS21_Training_235,06
FeTS21_Training_241,07
FeTS21_Training_243,07
FeTS21_Training_244,07
FeTS21_Training_242,07
FeTS21_Training_245,07
FeTS21_Training_240,07
FeTS21_Training_239,07
FeTS21_Training_238,07
FeTS21_Training_246,08
FeTS21_Training_247,08
FeTS21_Training_250,08
FeTS21_Training_251,08
FeTS21_Training_253,08
FeTS21_Training_257,08
FeTS21_Training_273,09
FeTS21_Training_274,09
FeTS21_Training_272,09
FeTS21_Training_276,09
FeTS21_Training_275,09
FeTS21_Training_278,09
FeTS21_Training_279,09
FeTS21_Training_280,09
FeTS21_Training_277,09
FeTS21_Training_319,10
FeTS21_Training_321,10
FeTS21_Training_322,10
FeTS21_Training_325,11
FeTS21_Training_323,11
FeTS21_Training_326,11
FeTS21_Training_333,11
FeTS21_Training_328,11
FeTS21_Training_332,11
FeTS21_Training_330,11
FeTS21_Training_331,11
FeTS21_Training_327,11
FeTS21_Training_334,11
FeTS21_Training_329,11
FeTS21_Training_266,12
FeTS21_Training_260,12
FeTS21_Training_261,12
FeTS21_Training_265,12
FeTS21_Training_269,12
FeTS21_Training_264,12
FeTS21_Training_013,13
FeTS21_Training_065,13
FeTS21_Training_018,13
FeTS21_Training_019,13
FeTS21_Training_021,13
FeTS21_Training_023,13
FeTS21_Training_025,13
FeTS21_Training_027,13
FeTS21_Training_028,13
FeTS21_Training_111,13
FeTS21_Training_084,13
FeTS21_Training_066,13
FeTS21_Training_102,13
FeTS21_Training_105,13
FeTS21_Training_107,13
FeTS21_Training_108,13
FeTS21_Training_110,13
FeTS21_Training_029,13
FeTS21_Training_012,13
FeTS21_Training_056,13
FeTS21_Training_010,13
FeTS21_Training_118,13
FeTS21_Training_046,13
FeTS21_Training_044,13
FeTS21_Training_043,13
FeTS21_Training_039,13
FeTS21_Training_048,13
FeTS21_Training_036,13
FeTS21_Training_052,13
FeTS21_Training_059,13
FeTS21_Training_061,13
FeTS21_Training_063,13
FeTS21_Training_032,13
FeTS21_Training_002,13
FeTS21_Training_003,13
FeTS21_Training_005,13
FeTS21_Training_007,13
FeTS21_Training_008,13
FeTS21_Training_011,13
FeTS21_Training_119,13
FeTS21_Training_022,13
FeTS21_Training_081,13
FeTS21_Training_086,13
FeTS21_Training_082,13
FeTS21_Training_080,13
FeTS21_Training_079,13
FeTS21_Training_078,13
FeTS21_Training_077,13
FeTS21_Training_076,13
FeTS21_Training_087,13
FeTS21_Training_088,13
FeTS21_Training_073,13
FeTS21_Training_090,13
FeTS21_Training_070,13
FeTS21_Training_068,13
FeTS21_Training_085,13
FeTS21_Training_099,13
FeTS21_Training_083,13
FeTS21_Training_128,13
FeTS21_Training_122,13
FeTS21_Training_126,13
FeTS21_Training_094,13
FeTS21_Training_127,13
FeTS21_Training_129,13
FeTS21_Training_062,14
FeTS21_Training_041,14
FeTS21_Training_033,14
FeTS21_Training_034,14
FeTS21_Training_092,14
FeTS21_Training_096,14
FeTS21_Training_045,14
FeTS21_Training_014,14
FeTS21_Training_001,14
FeTS21_Training_042,14
FeTS21_Training_031,14
FeTS21_Training_095,14
FeTS21_Training_040,14
FeTS21_Training_089,14
FeTS21_Training_060,14
FeTS21_Training_058,14
FeTS21_Training_057,14
FeTS21_Training_038,14
FeTS21_Training_055,14
FeTS21_Training_054,14
FeTS21_Training_053,14
FeTS21_Training_051,14
FeTS21_Training_050,14
FeTS21_Training_037,14
FeTS21_Training_049,14
FeTS21_Training_091,14
FeTS21_Training_047,14
FeTS21_Training_035,14
FeTS21_Training_093,14
FeTS21_Training_121,14
FeTS21_Training_009,14
FeTS21_Training_097,14
FeTS21_Training_100,14
FeTS21_Training_103,14
FeTS21_Training_104,14
FeTS21_Training_106,14
FeTS21_Training_109,14
FeTS21_Training_125,14
FeTS21_Training_112,14
FeTS21_Training_113,14
FeTS21_Training_114,14
FeTS21_Training_115,14
FeTS21_Training_116,14
FeTS21_Training_117,14
FeTS21_Training_124,14
FeTS21_Training_123,14
FeTS21_Training_120,14
FeTS21_Training_004,14
FeTS21_Training_067,14
FeTS21_Training_101,14
FeTS21_Training_064,14
FeTS21_Training_006,14
FeTS21_Training_075,14
FeTS21_Training_015,14
FeTS21_Training_016,14
FeTS21_Training_098,14
FeTS21_Training_074,14
FeTS21_Training_020,14
FeTS21_Training_017,14
FeTS21_Training_071,14
FeTS21_Training_024,14
FeTS21_Training_026,14
FeTS21_Training_069,14
FeTS21_Training_030,14
FeTS21_Training_072,14
FeTS21_Training_158,15
FeTS21_Training_172,15
FeTS21_Training_159,15
FeTS21_Training_167,15
FeTS21_Training_169,15
FeTS21_Training_174,15
FeTS21_Training_161,15
FeTS21_Training_176,15
FeTS21_Training_177,15
FeTS21_Training_179,15
FeTS21_Training_170,15
FeTS21_Training_173,16
FeTS21_Training_163,16
FeTS21_Training_166,16
FeTS21_Training_175,16
FeTS21_Training_164,16
FeTS21_Training_165,16
FeTS21_Training_162,16
FeTS21_Training_168,16
FeTS21_Training_178,16
FeTS21_Training_171,16
FeTS21_Training_160,16
FeTS21_Training_189,17
FeTS21_Training_182,17
FeTS21_Training_181,17
FeTS21_Training_195,17
FeTS21_Training_205,17
FeTS21_Training_190,17
FeTS21_Training_207,17
FeTS21_Training_213,17
FeTS21_Training_209,17
FeTS21_Training_188,17
FeTS21_Training_211,17
FeTS21_Training_206,17
FeTS21_Training_203,17
FeTS21_Training_185,17
FeTS21_Training_200,17
FeTS21_Training_199,17
FeTS21_Training_204,17
FeTS21_Training_192,18
FeTS21_Training_191,18
FeTS21_Training_180,18
FeTS21_Training_196,18
FeTS21_Training_186,18
FeTS21_Training_193,18
FeTS21_Training_194,18
FeTS21_Training_212,18
FeTS21_Training_184,18
FeTS21_Training_183,18
FeTS21_Training_197,18
FeTS21_Training_198,18
FeTS21_Training_210,18
FeTS21_Training_208,18
FeTS21_Training_202,18
FeTS21_Training_201,18
FeTS21_Training_187,18
FeTS21_Training_295,19
FeTS21_Training_286,19
FeTS21_Training_283,19
FeTS21_Training_294,19
FeTS21_Training_300,19
FeTS21_Training_311,19
FeTS21_Training_304,19
FeTS21_Training_303,19
FeTS21_Training_298,19
FeTS21_Training_299,19
FeTS21_Training_315,19
FeTS21_Training_297,19
FeTS21_Training_302,19
FeTS21_Training_309,20
FeTS21_Training_288,20
FeTS21_Training_293,20
FeTS21_Training_291,20
FeTS21_Training_310,20
FeTS21_Training_285,20
FeTS21_Training_290,20
FeTS21_Training_282,20
FeTS21_Training_301,20
FeTS21_Training_296,20
FeTS21_Training_306,20
FeTS21_Training_308,20
FeTS21_Training_312,20
FeTS21_Training_313,20
FeTS21_Training_361,21
FeTS21_Training_345,21
FeTS21_Training_344,21
FeTS21_Training_340,21
FeTS21_Training_336,21
FeTS21_Training_368,21
FeTS21_Training_366,21
FeTS21_Training_364,21
FeTS21_Training_358,21
FeTS21_Training_357,21
FeTS21_Training_346,21
FeTS21_Training_351,21
FeTS21_Training_352,21
FeTS21_Training_353,21
FeTS21_Training_359,21
FeTS21_Training_341,21
FeTS21_Training_356,21
FeTS21_Training_350,22
FeTS21_Training_367,22
FeTS21_Training_362,22
FeTS21_Training_343,22
FeTS21_Training_342,22
FeTS21_Training_338,22
FeTS21_Training_363,22
FeTS21_Training_339,22
FeTS21_Training_348,22
FeTS21_Training_337,22
FeTS21_Training_365,22
FeTS21_Training_347,22
FeTS21_Training_369,22
FeTS21_Training_349,22
FeTS21_Training_360,22
FeTS21_Training_355,22
FeTS21_Training_354,22